City_ID,City,Country,Lat,Lng,Max Temp,Humidity,Cloudiness,Wind Speed,Current Description
0,Codrington,AU,-38.2667,141.9667,51.19,95,12,9.55,few clouds
1,Aykino,RU,62.2248,49.9922,24.94,78,12,3.11,few clouds
2,Hobart,AU,-42.8794,147.3294,55.4,58,100,11.5,overcast clouds
3,Ancud,CL,-41.8697,-73.8203,53.6,100,90,8.05,light rain
4,Artyom,AZ,40.4723,50.333,55.4,76,0,9.22,clear sky
5,Jalu,LY,29.0331,21.5482,83.8,27,100,22.77,overcast clouds
6,Visnes,NO,59.3556,5.2242,50.0,57,0,8.05,clear sky
7,Zaozhuang,CN,34.8647,117.5542,48.74,53,6,2.95,clear sky
8,Lerwick,GB,60.1545,-1.1494,44.6,87,0,11.5,clear sky
9,Saint George,US,37.1041,-113.5841,68.0,16,1,4.61,clear sky
10,Mataura,NZ,-46.1927,168.8643,54.0,84,93,5.01,overcast clouds
11,Arraial Do Cabo,BR,-22.9661,-42.0278,78.8,78,0,10.36,clear sky
12,Torbay,CA,47.6666,-52.7314,37.99,100,90,17.27,light rain
13,Albany,US,42.6001,-73.9662,57.0,54,75,13.8,broken clouds
14,Atuona,PF,-9.8,-139.0333,81.28,72,17,16.75,few clouds
15,Rio Grande,BR,-32.035,-52.0986,77.0,61,20,13.8,few clouds
16,Redding,US,40.5865,-122.3917,79.0,20,1,6.91,clear sky
17,Kapaa,US,22.0752,-159.319,73.99,68,75,9.22,broken clouds
18,Iracoubo,GF,5.4802,-53.2011,81.7,70,30,10.71,scattered clouds
19,Sri Aman,MY,1.2376,111.4621,73.4,100,100,2.3,overcast clouds
20,Binga,ZW,-17.6203,27.3414,67.26,65,3,1.9,clear sky
21,Barinas,VE,8.6226,-70.2075,95.34,31,100,6.89,overcast clouds
22,Port Alfred,ZA,-33.5906,26.891,74.34,44,0,4.9,clear sky
23,Tazovskiy,RU,67.4667,78.7,-13.02,98,24,9.57,few clouds
24,Vaini,TO,-21.2,-175.2,68.0,88,20,2.3,few clouds
25,Duldurga,RU,50.6761,113.5931,24.8,36,9,4.29,clear sky
26,Baruun-Urt,MN,46.6806,113.2792,38.82,28,2,12.8,clear sky
27,Denpasar,ID,-8.65,115.2167,78.8,94,75,2.3,broken clouds
28,Nikolskoye,RU,59.7035,30.7861,50.0,43,0,11.18,clear sky
29,Rikitea,PF,-23.1203,-134.9692,77.32,74,0,8.5,clear sky
30,Nanortalik,GL,60.1432,-45.2371,28.15,53,14,14.18,few clouds
31,Kruisfontein,ZA,-34.0033,24.7314,68.0,42,0,1.01,clear sky
32,Dasoguz,TM,41.8363,59.9666,66.2,34,0,6.91,clear sky
33,Saskylakh,RU,71.9167,114.0833,-3.96,97,97,6.49,overcast clouds
34,Ushuaia,AR,-54.8,-68.3,57.2,51,40,3.44,scattered clouds
35,Port Elizabeth,ZA,-33.918,25.5701,64.4,63,0,2.3,clear sky
36,Avarua,CK,-21.2078,-159.775,80.6,78,40,8.05,light rain
37,Teguise,ES,29.0605,-13.564,68.0,60,20,18.41,few clouds
38,Kendari,ID,-3.945,122.4989,73.26,94,100,4.45,light rain
39,San Cristobal,VE,7.7669,-72.225,91.4,38,40,18.41,scattered clouds
40,Tuktoyaktuk,CA,69.4541,-133.0374,26.6,86,20,10.36,few clouds
41,Butaritari,KI,3.0707,172.7902,82.85,76,88,15.46,overcast clouds
42,Buala,SB,-8.145,159.5921,79.5,82,28,3.24,light rain
43,Bluff,NZ,-46.6,168.3333,54.0,84,62,5.01,broken clouds
44,Tasiilaq,GL,65.6145,-37.6368,28.4,50,0,1.14,clear sky
45,Bredasdorp,ZA,-34.5322,20.0403,68.0,52,7,8.05,clear sky
46,Vitkov,CZ,49.7744,17.7494,46.0,92,100,7.02,overcast clouds
47,Ahipara,NZ,-35.1667,173.1667,54.54,82,96,2.98,overcast clouds
48,Omboue,GA,-1.5746,9.2618,79.34,84,100,6.96,overcast clouds
49,Auki,SB,-8.7676,160.7034,77.29,87,84,3.71,broken clouds
50,Terrace Bay,CA,48.7834,-87.1,42.8,56,90,4.61,overcast clouds
51,Tiksi,RU,71.6872,128.8694,5.74,88,100,11.81,overcast clouds
52,Esperance,AU,-33.8667,121.9,51.8,93,0,10.36,clear sky
53,Punta Arenas,CL,-53.15,-70.9167,48.2,81,0,5.75,clear sky
54,Yerbogachen,RU,61.2767,108.0108,7.02,94,49,3.85,scattered clouds
55,Bethel,US,41.3712,-73.414,60.8,36,75,9.22,broken clouds
56,Vanimo,PG,-2.6741,141.3028,76.1,87,100,2.15,overcast clouds
57,Olafsvik,IS,64.8945,-23.7142,36.36,63,100,29.08,overcast clouds
58,Veraval,IN,20.9,70.3667,80.42,78,1,12.33,clear sky
59,Rayon,MX,19.1444,-99.5836,78.8,10,1,4.61,clear sky
60,Puerto Ayora,EC,-0.7393,-90.3518,82.4,74,75,9.22,light rain
61,Fredericksburg,US,38.3032,-77.4605,64.99,36,90,3.22,overcast clouds
62,Airai,TL,-8.9266,125.4092,56.68,67,100,2.17,overcast clouds
63,Zhoucheng,CN,35.9122,116.3117,48.56,54,4,6.93,clear sky
64,New Norfolk,AU,-42.7826,147.0587,55.0,76,100,1.01,overcast clouds
65,Makakilo City,US,21.3469,-158.0858,75.99,64,1,8.05,clear sky
66,Dingle,PH,10.9995,122.6711,77.58,75,100,3.94,moderate rain
67,Busselton,AU,-33.65,115.3333,51.01,88,94,7.05,overcast clouds
68,Znamenskoye,RU,57.1281,73.8282,14.94,71,99,13.89,overcast clouds
69,Barrow,US,71.2906,-156.7887,19.4,86,1,11.5,clear sky
70,Georgetown,MY,5.4112,100.3354,82.99,83,20,3.44,few clouds
71,Emba,KZ,48.8264,58.1442,56.34,77,98,11.48,overcast clouds
72,Kodiak,US,57.79,-152.4072,42.8,81,90,10.36,light rain
73,Vila Velha,BR,-20.3297,-40.2925,84.2,70,20,13.8,few clouds
74,Dalvik,IS,65.9702,-18.5286,41.0,60,75,13.8,broken clouds
75,Khatanga,RU,71.9667,102.5,-0.62,96,100,8.1,overcast clouds
76,Coquimbo,CL,-29.9533,-71.3436,59.0,82,75,11.5,broken clouds
77,Lodja,CD,-3.4833,23.4333,71.69,96,100,1.66,overcast clouds
78,Carnarvon,AU,-24.8667,113.6333,76.01,70,0,20.24,clear sky
79,Constitucion,CL,-35.3333,-72.4167,64.17,65,100,6.73,overcast clouds
80,Bengkulu,ID,-3.8004,102.2655,74.77,90,100,3.87,overcast clouds
81,Salalah,OM,17.0151,54.0924,82.4,78,0,3.44,clear sky
82,Wainwright,CA,52.839,-110.8572,37.4,52,100,12.66,overcast clouds
83,Barra Do Garcas,BR,-15.89,-52.2567,91.4,46,20,2.3,few clouds
84,Mar Del Plata,AR,-38.0023,-57.5575,78.01,68,75,9.22,broken clouds
85,Baraboo,US,43.4711,-89.7443,57.2,30,75,12.66,broken clouds
86,Moroto,UG,2.5345,34.6666,74.26,56,98,22.46,light rain
87,Turukhansk,RU,65.8167,87.9833,11.64,82,100,13.51,overcast clouds
88,Provideniya,RU,64.3833,-173.3,28.22,88,100,3.04,overcast clouds
89,Cam Ranh,VN,11.9214,109.1591,78.8,89,20,2.3,few clouds
90,Husavik,IS,66.0449,-17.3389,41.0,60,75,13.8,broken clouds
91,Te Anau,NZ,-45.4167,167.7167,51.91,85,100,6.76,overcast clouds
92,Dhidhdhoo,MV,6.8833,73.1,84.52,71,62,7.29,broken clouds
93,Yellowknife,CA,62.456,-114.3525,37.0,64,20,11.5,few clouds
94,Samarai,PG,-10.6167,150.6667,82.45,78,100,13.22,overcast clouds
95,Pathardi,IN,19.1667,75.1833,86.81,25,9,16.55,clear sky
96,Pitimbu,BR,-7.4706,-34.8086,82.4,89,75,11.5,broken clouds
97,Huambo,AO,-12.7761,15.7392,66.33,66,100,3.42,overcast clouds
98,Severo-Kurilsk,RU,50.6789,156.125,34.41,90,100,24.27,overcast clouds
99,Bambous Virieux,MU,-20.3428,57.7575,77.0,100,75,11.5,moderate rain
100,San Ramon,US,37.7799,-121.978,81.0,21,1,3.44,clear sky
101,Longyearbyen,SJ,78.2186,15.6401,30.2,74,75,5.75,broken clouds
102,Yasugi,JP,35.4333,133.25,42.8,93,20,4.61,few clouds
103,Rumoi,JP,43.9344,141.6428,36.81,97,100,7.9,heavy intensity rain
104,Vardo,NO,70.3705,31.1107,37.4,70,0,9.22,clear sky
105,Malakal,SS,9.5334,31.6605,93.79,12,90,4.68,overcast clouds
106,Kropotkin,RU,45.4375,40.5756,50.0,96,98,5.5,overcast clouds
107,Hambantota,LK,6.1241,81.1185,78.8,94,21,4.61,few clouds
108,Junin,AR,-34.5838,-60.9433,82.99,23,96,10.22,overcast clouds
109,Luena,AO,-11.7833,19.9167,66.88,66,98,4.65,overcast clouds
110,Prince Rupert,CA,54.3161,-130.3201,55.4,62,1,2.3,clear sky
111,Hermanus,ZA,-34.4187,19.2345,66.0,78,14,1.99,few clouds
112,Laguna,US,38.421,-121.4238,81.0,17,1,4.61,clear sky
113,Phalaborwa,ZA,-23.943,31.1411,68.0,52,0,3.44,clear sky
114,Fortuna,US,40.5982,-124.1573,64.0,82,1,13.8,clear sky
115,Port Angeles,US,48.1181,-123.4307,66.0,67,1,3.69,clear sky
116,Chuy,UY,-33.6971,-53.4616,71.65,63,0,9.64,clear sky
117,Ilulissat,GL,69.2167,-51.1,14.0,41,71,2.3,broken clouds
118,Cape Town,ZA,-33.9258,18.4232,69.01,82,0,11.5,clear sky
119,Port Blair,IN,11.6667,92.75,81.18,76,58,7.72,broken clouds
120,Hilo,US,19.7297,-155.09,73.99,68,1,3.44,clear sky
121,Souillac,MU,-20.5167,57.5167,75.2,100,75,11.5,light rain
122,Kavieng,PG,-2.5744,150.7967,81.46,75,99,3.85,overcast clouds
123,Hanmer Springs,NZ,-42.5167,172.8167,45.54,87,3,7.18,clear sky
124,Saint-Philippe,RE,-21.3585,55.7679,75.2,78,90,11.5,overcast clouds
125,Greenville,US,35.6127,-77.3663,73.0,35,1,4.83,clear sky
126,Calvinia,ZA,-31.4707,19.776,73.8,28,63,3.18,broken clouds
127,Harper,LR,4.375,-7.7169,80.92,75,100,7.7,overcast clouds
128,Wyndham,US,37.6985,-77.6125,66.2,37,75,3.44,broken clouds
129,Port-Gentil,GA,-0.7193,8.7815,82.4,83,20,5.75,few clouds
130,Vallenar,CL,-28.5708,-70.7581,84.78,25,0,7.99,clear sky
131,Cidreira,BR,-30.1811,-50.2056,71.98,78,62,14.61,broken clouds
132,Ponta Do Sol,PT,32.6667,-17.1,66.2,72,20,9.22,few clouds
133,Santa Cruz,BO,-17.8,-63.1667,80.89,72,72,3.04,broken clouds
134,Upernavik,GL,72.7868,-56.1549,11.8,76,100,4.76,overcast clouds
135,Ahar,IR,38.4774,47.0699,60.6,45,100,1.68,overcast clouds
136,Jamestown,US,42.097,-79.2353,57.0,50,90,4.61,overcast clouds
137,Kununurra,AU,-15.7667,128.7333,71.6,53,95,6.91,overcast clouds
138,Tevaitoa,PF,-16.7833,-151.5,82.2,70,21,13.78,few clouds
139,Fort Wellington,GY,6.4,-57.6,82.92,62,100,12.75,overcast clouds
140,Miyako,JP,39.6367,141.9525,47.44,77,76,11.54,broken clouds
141,Axim,GH,4.8699,-2.2405,81.82,79,62,9.37,broken clouds
142,Yulara,AU,-25.2406,130.9889,53.6,54,0,5.75,clear sky
143,Tuatapere,NZ,-46.1333,167.6833,54.0,84,37,5.01,scattered clouds
144,Kiunga,PG,-6.1219,141.2906,73.62,99,100,1.86,overcast clouds
145,Okhotsk,RU,59.3833,143.3,27.73,97,100,6.6,light snow
146,Port Lincoln,AU,-34.7333,135.8667,57.67,82,0,7.61,clear sky
147,Hithadhoo,MV,-0.6,73.0833,82.72,62,9,5.5,clear sky
148,Dudinka,RU,69.4058,86.1778,-12.21,98,43,8.52,scattered clouds
149,Malabo,GQ,3.75,8.7833,80.6,100,40,6.91,scattered clouds
150,Muravlenko,RU,63.7898,74.523,-1.95,94,70,13.27,broken clouds
151,Tangwani,PK,28.2787,68.9972,84.2,45,40,6.06,haze
152,Bloomfield,US,40.8068,-74.1854,62.6,34,90,5.75,overcast clouds
153,Rocha,UY,-34.4833,-54.3333,72.66,68,2,9.26,clear sky
154,Saint-Leu,RE,-21.15,55.2833,75.2,78,90,11.5,overcast clouds
155,Qeshm,IR,26.9581,56.2719,78.8,65,17,9.22,few clouds
156,Bayan,CN,46.0833,127.4,42.78,47,4,5.12,clear sky
157,Bereda,ES,43.2686,-7.5406,59.0,61,100,1.01,overcast clouds
158,Lebu,CL,-37.6167,-73.65,62.6,70,63,13.51,broken clouds
159,Marostica,IT,45.7468,11.6579,55.0,68,100,2.59,overcast clouds
160,Viedma,AR,-40.8135,-62.9967,75.47,58,18,18.9,few clouds
161,Moranbah,AU,-22.0016,148.0466,63.59,79,0,11.03,clear sky
162,Puerto Maldonado,PE,-12.6,-69.1833,86.0,74,40,4.61,scattered clouds
163,Torrington,US,41.8007,-73.1212,59.0,49,69,5.01,broken clouds
164,East London,ZA,-33.0153,27.9116,69.8,60,0,5.75,clear sky
165,Ariquemes,BR,-9.9133,-63.0408,82.31,77,98,2.37,light rain
166,Ginir,ET,7.1333,40.7,59.22,86,100,5.37,light rain
167,Antalaha,MG,-14.9003,50.2788,75.0,90,100,10.83,light rain
168,Canon City,US,38.441,-105.2424,53.6,32,1,6.91,clear sky
169,Santa Fe,AR,-31.6333,-60.7,84.99,48,88,3.0,overcast clouds
170,Shetpe,KZ,44.1667,52.1167,59.79,46,57,2.53,broken clouds
171,Ust-Koksa,RU,50.2696,85.6108,36.54,72,92,2.42,overcast clouds
172,Puerto Carreno,CO,6.189,-67.4859,95.63,34,100,8.99,overcast clouds
173,Chaman,PK,30.9236,66.4512,68.95,14,99,1.45,overcast clouds
174,Beringovskiy,RU,63.05,179.3167,28.92,97,100,4.5,overcast clouds
175,Pimenta Bueno,BR,-11.6725,-61.1936,81.09,78,99,2.46,overcast clouds
176,Sao Filipe,CV,14.8961,-24.4956,72.79,76,1,12.71,clear sky
177,Mocuba,MZ,-16.8392,36.9856,64.17,96,37,2.37,scattered clouds
178,Saldanha,ZA,-33.0117,17.9442,68.0,68,6,8.05,clear sky
179,Nouadhibou,MR,20.931,-17.0347,75.2,57,100,19.57,sand
180,Rawson,AR,-43.3002,-65.1023,75.51,37,100,18.12,overcast clouds
181,Sibolga,ID,1.7427,98.7792,75.49,90,100,1.86,overcast clouds
182,Kerman,IR,30.2832,57.0788,62.6,34,40,6.91,scattered clouds
183,San Rafael,AR,-34.6177,-68.3301,79.43,46,22,8.37,few clouds
184,Ternate,ID,0.8,127.4,78.85,84,100,13.31,light rain
185,Castro,BR,-24.7911,-50.0119,68.49,69,73,6.76,broken clouds
186,Thompson,CA,55.7435,-97.8558,24.8,42,1,9.22,clear sky
187,Bilibino,RU,68.0546,166.4372,18.84,90,100,7.0,light snow
188,Babayurt,RU,43.6002,46.7789,53.87,57,10,6.78,clear sky
189,Pahrump,US,36.2083,-115.9839,71.01,10,0,8.99,clear sky
190,Qaanaaq,GL,77.484,-69.3632,6.55,70,100,5.7,overcast clouds
191,Baft,IR,29.234,56.6057,56.1,39,96,6.22,overcast clouds
192,Ixtapa,MX,20.7,-105.2,78.8,61,1,12.66,clear sky
193,Nadym,RU,65.5333,72.5167,-4.05,96,9,11.39,clear sky
194,A Coruna,ES,43.3713,-8.396,59.0,63,0,2.3,clear sky
195,Awbari,LY,26.5921,12.7805,79.99,29,100,11.27,overcast clouds
196,Dawei,MM,14.0833,98.2,76.48,91,99,1.52,overcast clouds
197,Cefalu,IT,38.0386,14.0229,48.99,82,5,5.99,clear sky
198,San Felipe,VE,10.3399,-68.7425,93.85,35,100,7.63,overcast clouds
199,Xining,CN,36.6167,101.7667,48.06,49,100,8.7,overcast clouds
200,Pevek,RU,69.7008,170.3133,18.55,84,100,19.19,overcast clouds
201,Baijiantan,CN,45.6333,85.1833,61.99,33,17,8.86,few clouds
202,Beira,MZ,-19.8436,34.8389,72.93,65,23,8.9,few clouds
203,Kahului,US,20.8947,-156.47,71.6,100,40,8.05,light rain
204,Gwadar,PK,25.1216,62.3254,81.12,62,100,11.14,overcast clouds
205,Tanout,NE,14.9709,8.8879,90.14,7,12,5.64,few clouds
206,Hearst,CA,49.6835,-83.6665,51.8,28,100,6.91,overcast clouds
207,Esso,RU,55.9333,158.7,27.3,93,100,0.96,overcast clouds
208,Kharp,RU,66.8014,65.8081,-1.48,91,12,9.01,few clouds
209,Tessalit,ML,20.1986,1.0114,90.66,10,4,11.5,clear sky
210,Moose Factory,CA,51.2585,-80.6094,42.8,48,1,13.8,clear sky
211,Kourou,GF,5.1552,-52.6478,82.4,74,75,12.66,broken clouds
212,Mahebourg,MU,-20.4081,57.7,75.2,100,75,11.5,light rain
213,Hasaki,JP,35.7333,140.8333,53.6,40,0,6.91,clear sky
214,Orel-Izumrud,RU,43.4583,39.9244,59.0,88,90,6.71,light rain
215,Iraklion,GR,35.3279,25.1434,64.99,82,20,4.61,few clouds
216,Pandan,PH,14.0453,124.1694,78.75,91,100,36.39,moderate rain
217,Hamilton,US,39.1834,-84.5333,64.99,29,1,6.91,clear sky
218,Grindavik,IS,63.8424,-22.4338,37.4,81,75,29.93,light rain
219,Gat,IL,31.61,34.7642,82.0,40,0,7.9,clear sky
220,Baherden,TM,38.4362,57.4316,74.93,28,100,3.0,overcast clouds
221,Bodden Town,KY,19.2833,-81.25,86.0,70,20,12.66,few clouds
222,Luanda,AO,-8.8368,13.2343,84.2,74,40,9.22,scattered clouds
223,Dikson,RU,73.5069,80.5464,-8.23,100,100,2.24,overcast clouds
224,Khandbari,NP,27.3747,87.2039,62.56,65,32,5.14,scattered clouds
225,Qaqortoq,GL,60.7167,-46.0333,30.2,29,28,9.22,scattered clouds
226,Tukrah,LY,32.5341,20.5791,66.72,68,100,11.18,overcast clouds
227,Luderitz,NA,-26.6481,15.1594,77.27,42,19,6.71,few clouds
228,Komsomolskiy,UZ,40.4272,71.7189,57.2,62,8,6.91,clear sky
229,Port Macquarie,AU,-31.4333,152.9167,53.01,96,3,4.0,clear sky
230,Nanchang,CN,28.6833,115.8833,59.11,72,100,1.9,overcast clouds
231,Yenangyaung,MM,20.4667,94.8833,83.57,50,1,4.56,clear sky
232,Bayji,IQ,34.9311,43.487,81.9,21,5,8.08,clear sky
233,Gamba,GA,-2.65,10.0,78.24,87,100,1.61,light rain
234,Mao,ES,39.8885,4.2658,53.6,50,0,5.75,clear sky
235,Bonavista,CA,48.6499,-53.1147,39.2,93,100,6.91,light rain
236,Yumen,CN,40.2833,97.2,52.84,30,100,9.8,overcast clouds
237,Pisco,PE,-13.7,-76.2167,71.6,73,0,6.91,clear sky
238,Lasa,IT,46.6166,10.7002,57.2,56,20,8.05,few clouds
239,Sobolevo,RU,54.4299,31.8996,42.51,86,80,8.93,broken clouds
240,Isangel,VU,-19.55,169.2667,77.49,86,25,7.7,scattered clouds
241,Rincon,US,32.296,-81.2354,78.8,53,75,8.05,broken clouds
242,Sumbe,AO,-11.2061,13.8437,81.66,83,62,7.61,broken clouds
243,Ribeira Grande,PT,38.5167,-28.7,64.4,88,20,9.22,few clouds
244,Raga,SS,8.4596,25.678,86.25,29,100,2.24,overcast clouds
245,Manbij,SY,36.5281,37.9549,66.2,59,75,2.33,broken clouds
246,Zvishavane,ZW,-20.3267,30.0665,56.43,61,0,3.56,clear sky
247,Nelson Bay,AU,-32.7167,152.15,53.01,100,40,6.91,scattered clouds
248,Lorengau,PG,-2.0226,147.2712,80.98,81,100,8.3,overcast clouds
249,College,US,64.8569,-147.8028,46.4,45,40,3.44,scattered clouds
250,Syracuse,IT,37.0881,15.2792,57.2,82,20,6.91,few clouds
251,Geraldton,AU,-28.7667,114.6,62.6,63,0,9.22,clear sky
252,Kaitangata,NZ,-46.2817,169.8464,55.99,68,86,1.99,overcast clouds
253,Ostrovnoy,RU,68.0531,39.5131,30.42,84,100,18.03,overcast clouds
254,Victoria,HK,22.2855,114.1577,72.0,79,100,3.0,overcast clouds
255,Knysna,ZA,-34.0363,23.0471,68.0,45,0,8.05,clear sky
256,Loukhi,RU,66.0764,33.0381,37.4,85,100,6.53,overcast clouds
257,Mahibadhoo,MV,3.7833,72.9667,83.77,64,100,8.23,overcast clouds
258,Padang,ID,-0.9492,100.3543,76.53,87,18,2.77,moderate rain
259,Cudahy,US,33.9606,-118.1853,84.0,13,1,4.21,clear sky
260,Bayshore Gardens,US,27.4253,-82.5904,87.01,69,1,14.97,clear sky
261,Velingara,SN,13.15,-14.1167,98.51,17,14,3.33,few clouds
262,Namibe,AO,-15.1961,12.1522,80.56,75,5,6.38,clear sky
263,Nhulunbuy,AU,-12.2333,136.7667,78.8,83,100,8.05,overcast clouds
264,Coihaique,CL,-45.5752,-72.0662,53.6,82,75,3.44,light rain
265,Poronaysk,RU,49.2167,143.1167,32.85,96,100,22.26,snow
266,Biak,ID,-0.9131,122.8766,74.25,83,100,2.15,light rain
267,Loughrea,IE,53.1969,-8.5669,50.0,81,75,13.8,broken clouds
268,Pemba,MZ,-12.974,40.5178,78.8,78,20,13.8,few clouds
269,Quthing,LS,-30.4,27.7003,57.07,40,0,2.17,clear sky
270,Voyvozh,RU,62.892,54.9635,20.19,83,14,2.66,few clouds
271,Ulladulla,AU,-35.35,150.4667,53.6,94,6,9.22,clear sky
272,Katsuura,JP,35.1333,140.3,53.01,45,0,2.68,clear sky
273,Middelburg,ZA,-25.7751,29.4648,57.76,47,3,6.02,clear sky
274,Veydelevka,RU,50.1521,38.4492,47.84,74,97,5.59,light rain
275,Lompoc,US,34.6391,-120.4579,75.99,52,0,6.91,clear sky
276,Mount Isa,AU,-20.7333,139.5,68.0,26,5,11.5,clear sky
277,Saint-Pierre,RE,-21.3393,55.4781,75.2,78,90,11.5,overcast clouds
278,Simbahan,PH,6.3032,120.5836,82.49,79,100,16.62,overcast clouds
279,Belyy Yar,RU,53.6039,91.3903,37.4,60,40,8.95,scattered clouds
280,Portland,US,45.5234,-122.6762,73.0,33,62,1.99,broken clouds
281,Bulgan,MN,48.8125,103.5347,33.85,54,8,1.97,clear sky
282,Talcahuano,CL,-36.7167,-73.1167,64.4,63,0,8.05,clear sky
283,The Valley,AI,18.217,-63.0578,86.0,65,20,12.66,few clouds
284,Alvdal,NO,62.1077,10.6307,46.4,34,0,4.61,clear sky
285,Kieta,PG,-6.2167,155.6333,79.45,78,64,3.2,broken clouds
286,Iqaluit,CA,63.7506,-68.5145,19.4,68,75,3.44,broken clouds
287,Aklavik,CA,68.2191,-135.0107,41.0,48,1,13.8,clear sky
288,Pangai,TO,-19.8,-174.35,77.0,73,20,4.61,few clouds
289,Zhaotong,CN,27.3167,103.7167,48.72,91,100,2.95,overcast clouds
290,Arlit,NE,18.7369,7.3853,91.94,5,56,7.11,broken clouds
291,Smolenka,RU,52.1352,113.4974,15.8,62,20,6.71,few clouds
292,Nazare,BR,-13.035,-39.0144,82.11,67,99,6.82,overcast clouds
293,Chokurdakh,RU,70.6333,147.9167,10.2,91,100,18.3,overcast clouds
294,Noumea,NC,-22.2763,166.4572,75.99,94,75,2.3,broken clouds
295,Faanui,PF,-16.4833,-151.75,82.38,70,8,14.09,clear sky
296,Sakakah,SA,29.9697,40.2064,80.6,14,0,6.91,clear sky
297,Isla,PH,15.8939,120.3036,76.62,84,94,4.05,overcast clouds
298,Bubaque,GW,11.2833,-15.8333,77.94,72,99,19.6,overcast clouds
299,Ust-Nera,RU,64.5667,143.2,-0.89,91,55,3.71,broken clouds
300,New Bern,US,35.1085,-77.0441,73.99,40,75,3.44,broken clouds
301,Alofi,NU,-19.0595,-169.9187,69.8,100,45,1.14,scattered clouds
302,Virarajendrapet,IN,12.2,75.8,68.29,94,100,2.62,overcast clouds
303,San Patricio,US,28.017,-97.5169,62.01,59,90,16.11,overcast clouds
304,Vagur,FO,61.4732,-6.8119,43.79,74,100,8.77,overcast clouds
305,Mount Gambier,AU,-37.8333,140.7667,51.8,100,90,11.5,mist
306,Nyzhnya Krynka,UA,48.1135,38.1606,49.93,68,95,5.1,overcast clouds
307,Puerto Leguizamo,CO,-0.1934,-74.7819,88.2,58,77,2.15,broken clouds
308,Saint Anthony,US,45.0205,-93.218,62.01,36,1,9.22,clear sky
309,Viransehir,TR,37.2353,39.7631,68.22,42,100,6.71,overcast clouds
310,Port Hawkesbury,CA,45.6169,-61.3485,37.99,100,90,10.36,mist
311,Touros,BR,-5.1989,-35.4608,78.8,89,75,19.57,broken clouds
312,Serebryansk,KZ,49.6925,83.2892,46.4,57,79,13.42,broken clouds
313,Buarcos,PT,40.166,-8.8768,66.0,59,0,5.75,clear sky
314,Dzhebariki-Khaya,RU,62.2167,135.8,20.66,90,100,6.33,overcast clouds
315,Kaoma,ZM,-14.7833,24.8,62.83,67,50,5.03,scattered clouds
316,Penzance,GB,50.1186,-5.5371,48.2,61,20,6.91,few clouds
317,Cleethorpes,GB,53.5605,-0.0323,50.0,81,12,10.36,few clouds
318,Conceicao Do Araguaia,BR,-8.2578,-49.2647,73.4,94,58,5.75,very heavy rain
319,Fez,MA,34.0372,-4.9998,68.0,45,0,3.13,clear sky
320,Cochrane,CA,51.1834,-114.4687,30.99,93,90,12.5,snow
321,Jinxiang,CN,27.4327,120.6062,57.61,62,100,4.43,overcast clouds
322,Pulsano,IT,40.3821,17.3564,55.99,67,0,3.44,clear sky
323,Buraydah,SA,26.326,43.975,82.4,23,0,2.3,clear sky
324,Sitka,US,57.0531,-135.33,53.6,58,1,3.44,clear sky
325,Chunskiy,RU,56.0815,99.6342,22.59,98,97,2.98,overcast clouds
326,Umm Lajj,SA,25.0213,37.2685,80.6,61,0,8.34,clear sky
327,Arroio Grande,BR,-32.2375,-53.0869,73.0,54,1,10.83,clear sky
328,Oxford,GB,51.7522,-1.256,55.4,32,0,4.61,clear sky
329,Kholm,RU,59.2667,32.85,45.55,70,100,7.87,overcast clouds
330,Ishigaki,JP,24.3448,124.1572,68.63,64,17,19.46,few clouds
331,Manzil Salim,TN,35.8567,8.4765,48.2,53,40,11.5,scattered clouds
332,Gonbad-E Qabus,IR,37.25,55.1672,64.4,52,0,4.61,clear sky
333,Bathsheba,BB,13.2167,-59.5167,86.0,51,40,24.16,scattered clouds
334,Sur,OM,22.5667,59.5289,82.49,59,100,8.57,overcast clouds
335,Saint Augustine,US,29.8947,-81.3145,72.0,88,75,6.91,broken clouds
336,Aguimes,ES,27.9054,-15.4461,69.01,64,20,25.32,few clouds
337,Kaniama,CD,-7.5667,24.1833,68.47,94,77,4.29,broken clouds
338,Chernyshevskiy,RU,63.0128,112.4714,-4.23,99,93,2.42,overcast clouds
339,Barra Patuca,HN,15.8,-84.2833,85.96,67,89,14.52,overcast clouds
340,Staryy Nadym,RU,65.6118,72.6842,-4.18,96,9,11.07,clear sky
341,Naica,MX,27.85,-105.4833,68.36,27,0,2.62,clear sky
342,Vytegra,RU,61.0064,36.4481,33.64,85,0,5.61,clear sky
343,Deputatskiy,RU,69.3,139.9,-3.46,96,100,6.64,overcast clouds
344,Batticaloa,LK,7.7102,81.6924,81.75,75,100,6.11,moderate rain
345,Lavrentiya,RU,65.5833,-171.0,21.36,94,100,2.91,overcast clouds
346,Chitungwiza,ZW,-18.0127,31.0756,61.0,72,85,5.99,overcast clouds
347,Wanning,CN,18.8003,110.3967,75.38,90,22,2.93,few clouds
348,Flin Flon,CA,54.7682,-101.865,28.4,43,20,5.75,few clouds
349,Balabac,PH,7.9868,117.0645,81.57,74,100,16.93,overcast clouds
350,Sibut,CF,5.718,19.0739,73.27,78,100,2.13,overcast clouds
351,Shepsi,RU,44.0361,39.1489,56.17,94,100,6.35,overcast clouds
352,Cherskiy,RU,68.75,161.3,22.62,88,100,8.75,overcast clouds
353,Karratha,AU,-20.7377,116.8463,79.39,64,0,7.2,clear sky
354,Bandarbeyla,SO,9.4942,50.8122,82.42,78,36,12.41,scattered clouds
355,Luba,GQ,3.4568,8.5547,80.6,100,40,6.91,scattered clouds
356,Vogar,IS,63.9832,-22.3874,37.4,81,75,29.93,broken clouds
357,Hongjiang,CN,27.11,109.9956,56.7,98,100,1.83,overcast clouds
358,Somerset East,ZA,-32.7217,25.588,68.94,22,0,4.03,clear sky
359,Norman Wells,CA,65.282,-126.8329,39.2,56,1,2.3,clear sky
360,Caravelas,BR,-17.7125,-39.2481,80.92,69,7,9.01,clear sky
361,Lakes Entrance,AU,-37.8811,147.981,43.0,95,6,7.27,clear sky
362,Russkiy Kameshkir,RU,52.8589,46.0892,47.64,73,100,9.53,overcast clouds
363,Vila,PT,42.0304,-8.1588,61.0,52,100,8.99,overcast clouds
364,Tura,IN,25.5198,90.2201,67.69,88,0,5.3,clear sky
365,Presidencia Roque Saenz Pena,AR,-26.7852,-60.4388,87.01,50,0,5.01,clear sky
366,Gillette,US,44.2911,-105.5022,57.2,30,75,11.5,broken clouds
367,Beruwala,LK,6.4788,79.9828,80.11,79,54,2.1,broken clouds
368,Harbour Breton,CA,47.4833,-55.7983,40.35,94,100,19.77,overcast clouds
369,Flinders,AU,-34.5833,150.8552,53.01,86,2,1.01,clear sky
370,Susanville,US,40.4163,-120.653,64.4,14,1,3.44,clear sky
371,Sao Joao Da Barra,BR,-21.6403,-41.0511,86.0,51,40,3.44,scattered clouds
372,Yamada,JP,39.4667,141.95,47.03,81,89,8.43,overcast clouds
373,Druzhba,UA,52.0428,33.9453,41.92,86,9,3.27,clear sky
374,Ipixuna,BR,-1.7625,-48.8043,73.4,100,75,6.91,light rain
375,Yaan,NG,7.3833,8.5667,83.26,58,100,8.39,overcast clouds
376,Palauig,PH,15.435,119.9045,79.56,80,100,2.48,overcast clouds
377,Palembang,ID,-2.9167,104.7458,73.15,95,29,2.37,scattered clouds
378,San Lorenzo,PY,-25.3333,-57.5333,87.8,48,40,6.91,scattered clouds
379,Lata,PT,40.1629,-8.3327,66.0,59,0,5.75,clear sky
380,Alekseyevsk,RU,57.8406,108.3492,12.88,95,94,3.18,overcast clouds
381,Cameta,BR,-2.2444,-49.4958,80.6,81,100,4.09,overcast clouds
382,Chodavaram,IN,17.8333,82.95,80.28,81,11,2.71,few clouds
383,San Joaquin,US,37.9333,-121.3011,79.0,26,1,8.05,clear sky
384,Bulawayo,ZW,-20.15,28.5833,54.72,57,0,8.97,clear sky
385,San Juan,AR,-31.5375,-68.5364,84.99,35,100,6.85,overcast clouds
386,Pingliang,CN,35.5392,106.6861,39.0,72,0,3.0,clear sky
387,Amga,RU,60.8953,131.9608,22.69,94,100,11.16,snow
388,Dunmore East,IE,52.1514,-6.9861,48.99,79,100,1.99,overcast clouds
389,Paamiut,GL,61.994,-49.6678,27.81,50,100,4.5,overcast clouds
390,Huanren,CN,41.2647,125.3667,40.12,67,8,5.77,clear sky
391,Nabire,ID,-3.3667,135.4833,74.88,92,100,3.78,overcast clouds
392,Zhanaozen,KZ,43.3,52.8,58.12,50,80,5.82,broken clouds
393,Progreso,MX,21.2833,-89.6667,99.0,41,75,11.5,broken clouds
394,Puerto Colombia,CO,10.9878,-74.9547,75.2,94,75,4.61,broken clouds
395,Salaga,GH,8.5508,-0.5188,86.83,53,55,9.35,broken clouds
396,Xingyi,CN,24.1877,102.817,56.03,93,4,4.59,clear sky
397,Haines Junction,CA,60.7522,-137.5108,44.6,33,78,1.14,broken clouds
398,Patterson,US,37.4716,-121.1297,78.01,24,1,9.22,clear sky
399,Paidha,UG,2.4167,30.9855,63.28,85,18,2.93,few clouds
400,Bemidji,US,47.4736,-94.8803,41.0,93,90,13.8,overcast clouds
401,Eydhafushi,MV,5.1033,73.0708,84.24,68,100,7.45,overcast clouds
402,Reading,GB,51.4562,-0.9711,57.2,33,75,4.61,broken clouds
403,Jalali,IN,27.8667,78.2667,81.25,20,7,6.91,clear sky
404,Quelimane,MZ,-17.8786,36.8883,75.2,78,20,8.05,few clouds
405,Berlevag,NO,70.8578,29.0864,39.2,65,0,4.61,clear sky
406,Danilov,RU,58.1908,40.1717,40.33,77,100,9.42,overcast clouds
407,Saint John,CA,45.2727,-66.0677,44.6,81,90,14.97,overcast clouds
408,Quatre Cocos,MU,-20.2078,57.7625,77.0,100,75,11.5,light rain
409,Arman,RU,59.7,150.1667,28.02,92,99,5.12,overcast clouds
410,Coleraine,GB,55.1333,-6.6667,53.6,82,75,9.22,broken clouds
411,Kampot,KH,10.6167,104.1833,78.8,89,40,6.91,moderate rain
412,Taltal,CL,-25.4,-70.4833,67.84,74,28,7.67,scattered clouds
413,West Bay,KY,19.3667,-81.4167,86.0,70,20,12.66,few clouds
414,Emilio Carranza,MX,19.9711,-96.6114,75.29,66,48,19.01,scattered clouds
415,Jamsa,FI,61.8642,25.19,50.0,34,0,4.61,clear sky
416,Pacific Grove,US,36.6177,-121.9166,66.2,63,1,3.44,clear sky
417,Hailun,CN,47.45,126.9333,42.67,46,2,6.93,clear sky
418,Kavaratti,IN,10.5669,72.642,84.02,70,100,3.31,overcast clouds
419,Baykit,RU,61.67,96.37,23.58,96,100,4.32,light snow
420,Atasu,KZ,48.6814,71.6433,53.33,60,79,7.83,light rain
421,Fort Nelson,CA,58.8053,-122.7002,41.0,81,20,2.3,few clouds
422,Neiafu,TO,-18.65,-173.9833,73.4,94,75,10.33,broken clouds
423,Cabo San Lucas,MX,22.8909,-109.9124,84.0,44,1,8.05,clear sky
424,Avera,US,33.194,-82.5271,77.0,31,1,9.22,clear sky
425,Port Hedland,AU,-20.3167,118.5667,71.6,73,2,4.61,clear sky
426,Avanigadda,IN,16.0215,80.9181,82.26,77,22,6.85,few clouds
427,Zhaoyang,CN,42.682,126.0305,42.75,42,5,6.85,clear sky
428,Buchanan,LR,5.8808,-10.0467,84.2,79,40,4.61,scattered clouds
429,Itoman,JP,26.1247,127.6694,64.4,63,75,12.66,broken clouds
430,Ajdabiya,LY,30.7554,20.2263,72.0,56,100,14.41,overcast clouds
431,Kajaani,FI,64.2273,27.7285,37.4,70,0,2.3,clear sky
432,Zabaykalsk,RU,49.6333,117.3167,31.17,34,4,16.49,clear sky
433,Roquetas De Mar,ES,36.7642,-2.6148,62.6,77,20,5.75,few clouds
434,Matay,EG,28.419,30.7792,89.58,12,54,3.15,broken clouds
435,Taoudenni,ML,22.6783,-3.9836,88.16,12,0,11.1,clear sky
436,Dunedin,NZ,-45.8742,170.5036,51.03,80,100,6.6,overcast clouds
437,Batagay-Alyta,RU,67.8006,130.4114,10.72,96,100,6.53,light snow
438,Santa Rosa,PH,14.3122,121.1114,82.4,74,20,4.61,few clouds
439,Nishihara,JP,26.1842,127.7558,64.4,63,75,12.66,broken clouds
440,Pafos,CY,34.7667,32.4167,68.0,56,0,4.61,clear sky
441,Sierra Vista,US,31.5545,-110.3037,66.0,22,1,3.44,clear sky
442,Gap,FR,44.6667,6.0,39.99,74,19,1.99,few clouds
443,Mitsamiouli,KM,-11.3847,43.2844,80.69,78,6,12.24,light rain
444,Malvern,US,34.3623,-92.813,62.01,44,90,10.36,overcast clouds
445,Xifeng,CN,42.7372,124.7222,51.62,28,99,15.21,overcast clouds
446,Karonga,MW,-9.9333,33.9333,71.96,80,86,11.03,light rain
447,Sisimiut,GL,66.9395,-53.6735,20.48,65,100,14.63,overcast clouds
448,Cayenne,GF,4.9333,-52.3333,82.4,74,75,12.66,broken clouds
449,Lazaro Cardenas,MX,17.9583,-102.2,82.06,45,0,8.99,clear sky
450,Katima Mulilo,NA,-17.5,24.2667,65.68,54,0,6.85,clear sky
451,Paracatu,BR,-17.2222,-46.8747,80.4,51,67,3.65,broken clouds
452,Honiara,SB,-9.4333,159.95,77.5,87,99,3.44,overcast clouds
453,Clinton,US,42.587,-82.9199,61.0,74,100,1.01,overcast clouds
454,Klyuchi,RU,52.2667,79.1667,45.01,84,86,19.22,light rain
455,Miri,MY,4.4148,114.0089,75.2,88,20,3.44,few clouds
456,Nioro,GM,13.35,-15.75,101.3,11,96,3.89,overcast clouds
457,Talnakh,RU,69.4865,88.3972,-16.85,88,77,1.63,broken clouds
458,South Venice,US,27.0531,-82.4243,87.01,74,1,14.97,clear sky
459,Kailua,US,21.4022,-157.7394,75.2,64,20,9.22,few clouds
460,Grado,ES,43.388,-6.0743,55.99,71,0,9.22,clear sky
461,Dax,FR,43.75,-1.1667,57.2,44,3,4.61,clear sky
462,Tautira,PF,-17.7333,-149.15,82.4,69,20,2.3,few clouds
463,Serenje,ZM,-13.2325,30.2352,57.24,93,75,7.54,broken clouds
464,Kysyl-Syr,RU,63.8986,122.7617,1.51,99,99,3.04,overcast clouds
465,Naigarhi,IN,24.7833,81.7833,84.2,16,0,5.59,clear sky
466,Nome,US,64.5011,-165.4064,35.6,64,1,10.36,clear sky
467,Pangnirtung,CA,66.1451,-65.7125,17.6,67,40,6.91,scattered clouds
468,Ust-Omchug,RU,61.15,149.6333,22.42,96,100,1.99,overcast clouds
469,Huarmey,PE,-10.0681,-78.1522,73.6,74,60,11.48,broken clouds
470,Shakawe,BW,-18.3667,21.85,65.61,45,0,6.31,clear sky
471,Hovd,MN,48.0056,91.6419,42.58,33,47,9.51,scattered clouds
472,Dicabisagan,PH,17.0818,122.4157,73.98,89,100,17.09,overcast clouds
473,Mogadishu,SO,2.0371,45.3438,83.53,72,82,11.61,broken clouds
474,Killybegs,IE,54.6333,-8.45,51.8,93,90,8.05,overcast clouds
475,Svetlogorsk,BY,52.6333,29.7333,44.13,84,33,6.11,scattered clouds
476,Eyl,SO,7.9803,49.8164,82.24,77,46,13.94,scattered clouds
477,Mattru,SL,7.6244,-11.8332,82.67,69,82,7.9,broken clouds
478,Zhigansk,RU,66.7697,123.3711,-1.39,99,99,2.51,overcast clouds
479,Burgos,ES,42.3394,-3.7079,53.6,40,0,8.05,clear sky
480,Uyutne,UA,45.1994,33.3014,52.0,65,100,5.77,overcast clouds
481,Kasongo-Lunda,CD,-6.4667,16.8167,74.07,92,100,0.72,overcast clouds
482,Harnosand,SE,62.6323,17.9379,42.8,75,41,3.44,scattered clouds
483,Oranjemund,NA,-28.55,16.4333,69.93,56,89,2.04,overcast clouds
484,Thinadhoo,MV,0.5333,72.9333,82.67,64,97,5.97,overcast clouds
485,Akdepe,TM,42.0551,59.3788,68.0,34,0,6.91,clear sky
486,Borogontsy,RU,62.6683,131.1683,13.19,96,100,3.4,overcast clouds
487,Cedar Lake,US,41.3648,-87.4411,61.0,33,40,4.61,scattered clouds
488,Hami,CN,42.8,93.45,60.6,26,54,11.74,broken clouds
489,Oppdal,NO,62.5943,9.6912,35.56,80,12,7.11,few clouds
490,Houten,NL,52.0268,5.1694,51.01,83,63,8.21,broken clouds
491,Vilyuysk,RU,63.7553,121.6247,1.67,98,100,2.44,overcast clouds
492,Shaoyang,CN,27.2315,111.4525,54.52,94,90,0.89,overcast clouds
493,Chudovo,RU,59.1167,31.6833,48.4,61,100,9.15,overcast clouds
494,Manggar,ID,-2.8833,108.2667,80.6,72,99,2.95,overcast clouds
495,Suntar,RU,62.1444,117.6319,15.57,93,100,5.68,overcast clouds
496,Wattegama,LK,6.7989,81.4808,78.8,94,100,4.61,overcast clouds
497,Tianpeng,CN,30.9866,103.9393,62.01,1,100,2.95,overcast clouds
498,Kedrovyy,RU,56.1667,91.8167,32.0,64,0,4.47,clear sky
499,Maceio,BR,-9.6658,-35.7353,78.8,83,75,11.5,broken clouds
500,Jaclupan,PH,10.3,123.8167,78.8,78,90,4.61,overcast clouds
501,Hihya,EG,30.6713,31.588,87.8,30,0,14.97,clear sky
502,Bloomsburg,US,41.0037,-76.4549,59.0,50,80,7.23,broken clouds
503,Shimoda,JP,34.6667,138.95,46.99,60,0,5.01,clear sky
504,Ilembula,TZ,-8.9,34.5833,61.25,83,25,8.93,scattered clouds
505,Gamboma,CG,-1.8764,15.8644,74.03,92,100,2.64,overcast clouds
506,Lagoa,PT,39.05,-27.9833,60.91,87,97,10.85,overcast clouds
507,Kalispell,US,48.1958,-114.3129,59.0,33,75,9.22,broken clouds
508,Rong Kwang,TH,18.339,100.3174,75.0,90,4,0.98,clear sky
509,Siocon,PH,7.7061,122.1353,78.44,87,100,7.94,overcast clouds
510,Moron,AR,-34.6534,-58.6198,73.99,78,69,3.0,broken clouds
511,Terrace,CA,54.5163,-128.6035,62.6,31,1,10.36,clear sky
512,Aykhal,RU,66.0,111.5,-8.86,100,88,2.73,overcast clouds
513,Port Hardy,CA,50.6996,-127.4199,55.4,62,1,3.44,clear sky
514,Santa Catarina,BR,-27.0,-50.0,70.74,65,94,3.69,overcast clouds
515,Kathmandu,NP,27.7167,85.3167,55.4,94,20,3.44,few clouds
516,Beloha,MG,-25.1667,45.05,65.59,65,0,14.25,clear sky
517,Chapais,CA,49.7834,-74.8492,48.2,53,90,2.3,overcast clouds
518,Adrar,MR,20.5022,-10.0711,84.34,8,0,8.05,clear sky
519,Havoysund,NO,70.9963,24.6622,41.0,70,0,9.22,clear sky
520,Lima,PE,-12.0432,-77.0282,72.0,73,20,5.75,few clouds
521,Krasnoselkup,RU,65.7,82.4667,-11.42,94,19,14.76,few clouds
522,Gobabis,NA,-22.45,18.9667,67.51,42,97,13.89,overcast clouds
523,Zorritos,PE,-3.6805,-80.6782,86.0,62,75,10.36,broken clouds
524,Cabatuan,PH,10.8794,122.486,77.86,74,100,6.08,overcast clouds
525,Canutama,BR,-6.5339,-64.3831,78.35,82,99,1.79,overcast clouds
526,Marawi,PH,7.9986,124.2928,73.99,87,94,4.0,overcast clouds
527,Tocopilla,CL,-22.092,-70.1979,71.37,65,13,6.22,few clouds
528,Palmer,US,42.1584,-72.3287,60.01,36,75,11.5,broken clouds
529,Sao Gabriel Da Cachoeira,BR,-0.1303,-67.0892,86.0,70,75,2.3,broken clouds
530,Gizo,SB,-8.103,156.8419,82.63,72,100,3.4,light rain
531,Calama,CL,-22.4667,-68.9333,73.4,10,0,17.27,clear sky
532,Mayo,US,38.8876,-76.5119,64.0,62,40,11.5,scattered clouds
533,Almaznyy,RU,48.0448,40.045,50.0,76,20,4.47,few clouds
534,Praia,CV,14.9215,-23.5087,75.2,64,20,23.02,few clouds
535,Dolores,AR,-36.3132,-57.6792,74.08,62,64,8.79,broken clouds
536,Mucurapo,TT,10.6667,-61.5333,88.0,51,40,19.57,scattered clouds
537,Casa Nova,BR,-9.4167,-41.1333,93.2,40,40,6.91,scattered clouds
538,Comodoro Rivadavia,AR,-45.8667,-67.5,75.2,23,0,19.57,clear sky
539,Masasi,TZ,-10.7167,38.8,64.9,92,11,4.25,few clouds
540,Mumford,GH,5.2618,-0.759,81.43,79,100,4.09,light rain
541,Lexington,US,37.9887,-84.4777,61.0,41,75,4.61,broken clouds
542,Naze,JP,28.3667,129.4833,59.27,63,97,12.88,overcast clouds
543,Bucerias,MX,20.75,-105.3333,78.8,61,1,12.66,clear sky
544,Houma,US,29.5958,-90.7195,69.01,59,100,11.01,overcast clouds
545,Nizhnevartovsk,RU,60.9344,76.5531,10.4,56,0,11.18,clear sky
546,Bollnas,SE,61.3482,16.3946,41.0,42,2,2.93,clear sky
547,Beni,CD,0.5,29.4667,69.13,75,99,3.2,overcast clouds
548,Nara,JP,34.6851,135.8049,46.0,72,2,3.71,clear sky
549,Xinpu,CN,34.5997,119.1594,47.55,55,39,5.79,scattered clouds
550,Yokadouma,CM,3.5167,15.05,69.49,96,100,1.88,overcast clouds
551,Mnogovershinnyy,RU,53.9353,139.9242,28.13,94,100,5.88,overcast clouds
552,Atambua,ID,-9.1061,124.8925,70.41,83,93,4.38,overcast clouds
553,San Nicolas,PH,18.1725,120.5953,77.0,69,20,11.5,few clouds
554,Uglekamensk,RU,43.2172,133.2303,39.13,78,1,2.46,clear sky
555,Tommot,RU,58.9564,126.2925,19.78,93,100,10.04,snow
556,Along,IN,28.1667,94.7667,62.74,97,100,2.48,overcast clouds
557,Muros,ES,42.7762,-9.0603,63.0,67,100,5.01,overcast clouds
558,Homer,US,59.6425,-151.5483,53.6,47,40,4.61,scattered clouds
559,Vodnyy,RU,63.5046,53.4095,23.61,77,18,3.15,few clouds
560,Bom Jesus,BR,-9.0744,-44.3586,83.37,56,100,2.33,overcast clouds
561,Half Moon Bay,US,37.4636,-122.4286,75.0,63,1,7.27,clear sky
562,Autazes,BR,-3.5797,-59.1306,75.63,96,99,6.69,moderate rain
563,Morant Bay,JM,17.8815,-76.4093,91.0,66,20,28.77,few clouds
564,Mariental,NA,-24.6333,17.9667,68.07,56,56,11.27,light rain
565,Vao,NC,-22.6667,167.4833,76.86,77,17,9.73,moderate rain
566,Riyadh,SA,24.6877,46.7219,91.4,12,20,9.22,few clouds
567,Puerto Quijarro,BO,-17.7833,-57.7667,88.45,49,100,2.04,overcast clouds
568,Douglas,US,41.3,-96.167,62.01,30,75,3.44,broken clouds
569,Gweta,BW,-20.1833,25.2333,69.87,28,0,11.41,clear sky
570,Asau,RO,46.4333,26.4,43.0,65,100,1.14,overcast clouds
571,Sao Bartolomeu De Messines,PT,37.2602,-8.2867,66.2,77,0,9.22,clear sky
572,Korla,CN,41.7597,86.1469,64.26,22,100,8.59,overcast clouds
573,Gameleira,BR,-8.5844,-35.3867,77.67,86,91,6.02,overcast clouds
574,Grand Gaube,MU,-20.0064,57.6608,77.0,86,100,5.99,light rain
575,Palu,ID,-0.8917,119.8707,74.89,89,100,2.53,light rain
576,Waipawa,NZ,-41.4122,175.5153,60.8,63,29,16.11,scattered clouds
577,Balangiga,PH,11.1097,125.3875,74.82,89,100,24.96,heavy intensity rain
578,Andreapol,RU,56.6513,32.2664,45.99,60,100,9.46,overcast clouds
579,Kaeo,NZ,-35.1,173.7833,54.0,92,60,2.66,broken clouds
580,San Lawrenz,MT,36.0553,14.204,57.0,71,20,8.05,few clouds
581,Saint-Francois,FR,46.4154,3.9054,48.99,66,0,4.61,clear sky
582,Ugoofaaru,MV,5.6667,73.0,84.52,72,100,8.1,overcast clouds
583,Ketchikan,US,55.3422,-131.6461,51.8,62,1,11.5,clear sky
584,Sogod,PH,10.3847,124.9814,76.37,86,100,12.26,heavy intensity rain
585,Yar-Sale,RU,66.8333,70.8333,-6.36,99,91,8.05,overcast clouds
586,Kargil,IN,34.5667,76.1,30.69,62,52,7.65,broken clouds
587,Gyomaendrod,HU,46.9333,20.8333,46.4,100,90,2.3,light rain
588,Tabuk,PH,17.4189,121.4443,68.9,89,75,10.18,broken clouds
589,Klaksvik,FO,62.2266,-6.589,44.6,81,75,5.75,broken clouds
590,Canoas,BR,-29.9178,-51.1836,78.8,65,75,16.11,broken clouds
591,Galle,LK,6.0367,80.217,80.96,78,37,6.78,scattered clouds
592,Rundu,NA,-17.9333,19.7667,66.38,45,1,7.58,clear sky
593,Hurghada,EG,27.2574,33.8129,80.6,50,0,2.57,clear sky
594,Novska,HR,45.3406,16.9769,46.4,81,75,4.61,broken clouds
595,Pekan,MY,3.4836,103.3996,77.0,94,20,1.61,few clouds
596,Maningrida,AU,-12.0667,134.2667,71.78,77,100,7.74,overcast clouds
597,Pinega,RU,64.7001,43.3936,29.62,59,20,3.78,few clouds
598,Khash,IR,28.2211,61.2158,68.32,20,100,5.3,overcast clouds
599,Puro,PH,12.4841,123.3827,74.03,90,100,33.08,moderate rain
600,Santa Cruz Del Sur,CU,20.7147,-77.9956,87.08,56,3,10.69,moderate rain
601,Etah,IN,27.6333,78.6667,82.17,20,37,7.58,scattered clouds
602,Manica,FR,49.0,-1.1667,48.2,53,0,5.75,clear sky
603,Broome,US,42.2506,-75.833,55.99,44,40,9.22,scattered clouds
604,Qasigiannguit,GL,68.8193,-51.1922,14.0,41,46,2.3,scattered clouds
605,Vostok,RU,46.4856,135.8833,31.69,94,32,4.85,scattered clouds
606,Chumikan,RU,54.7183,135.315,27.9,95,100,10.42,light snow
607,Iralaya,HN,15.0,-83.2333,89.6,70,75,11.5,broken clouds
608,Poum,NC,-20.2333,164.0167,77.68,79,95,10.25,overcast clouds
609,Porosozero,RU,62.7191,32.727,40.15,83,100,4.0,overcast clouds
610,Saint-Jacques,CA,45.9501,-73.5659,55.0,54,80,2.3,broken clouds
611,Saint-Augustin,CA,51.226,-58.6502,37.08,93,100,21.03,overcast clouds
612,Bud,US,39.447,-86.1758,61.0,31,1,5.75,clear sky
613,Shumyachi,RU,53.8583,32.4242,42.17,91,94,7.09,overcast clouds
614,Rosarito,MX,32.3333,-117.0333,81.0,35,1,14.97,clear sky
615,Chokwe,MZ,-24.5333,32.9833,65.21,74,16,6.02,few clouds
616,Charters Towers,AU,-20.1,146.2667,68.31,79,4,6.73,clear sky
617,Tynda,RU,55.1667,124.7167,19.62,72,100,11.3,overcast clouds
618,Lamu,KE,-2.2717,40.902,80.6,83,75,14.97,light rain
619,Trat,TH,12.5,102.5,81.0,99,100,2.59,overcast clouds
620,Aden,YE,12.7794,45.0367,81.1,75,72,14.14,broken clouds
621,Ankazoabo,MG,-22.2833,44.5167,67.3,64,100,4.14,overcast clouds
622,Lewiston,US,44.1003,-70.2148,52.0,53,90,8.05,overcast clouds
623,Burnie,AU,-41.0667,145.9167,54.0,88,100,3.0,overcast clouds
624,Yasnyy,RU,51.0333,59.8742,46.85,63,100,24.32,overcast clouds
625,Erdaojiang,CN,41.7764,126.0319,40.23,59,5,4.5,clear sky
626,Dawson,US,31.7735,-84.4466,78.01,29,1,3.44,clear sky
627,Mouila,GA,-1.8685,11.0559,76.59,89,100,1.39,overcast clouds
628,Turayf,SA,31.6725,38.6637,82.4,23,0,4.61,clear sky
629,Spokoynaya,RU,44.2468,41.4015,52.23,91,100,3.76,light rain
630,Miragoane,HT,18.4423,-73.0876,86.97,49,11,6.31,few clouds
631,Newport,GB,51.5877,-2.9984,50.0,50,100,6.91,overcast clouds
632,Redcliffe,AU,-27.2307,153.0973,59.0,94,0,6.91,clear sky
633,Port-Cartier,CA,50.0334,-66.8654,41.0,65,75,8.05,broken clouds
634,Jiuquan,CN,39.7432,98.5174,56.41,16,100,5.14,overcast clouds
635,Lensk,RU,60.7253,114.9278,2.62,97,49,4.05,scattered clouds
636,Guerrero Negro,MX,27.9769,-114.0611,67.42,58,4,13.22,clear sky
637,Sassandra,CI,4.95,-6.0833,80.47,76,100,7.65,overcast clouds
638,Vastseliina,EE,57.7303,27.2932,48.2,37,0,4.47,clear sky
639,Aripuana,BR,-9.1667,-60.6333,80.02,88,60,2.24,broken clouds
640,Luwuk,ID,-0.9516,122.7875,75.6,87,100,2.62,light rain
641,Storsteinnes,NO,69.2408,19.2344,44.6,39,0,5.97,clear sky
642,Russellville,US,35.2784,-93.1338,60.8,55,84,10.36,light rain
643,Green River,US,41.5286,-109.4662,48.2,27,1,9.22,clear sky
644,Sioux Lookout,CA,50.1001,-91.917,30.2,86,90,13.8,snow
645,Kapit,MY,2.0167,112.9333,69.4,99,100,1.03,overcast clouds
646,Ico,BR,-6.4011,-38.8622,84.99,62,100,3.09,overcast clouds
647,Belmonte,BR,-15.8631,-38.8828,82.4,69,20,13.8,few clouds
648,Cooma,AU,-36.2333,149.1333,28.4,100,8,1.63,clear sky
649,Dallas,US,32.7668,-96.7836,66.0,39,40,10.36,scattered clouds
650,Springbok,ZA,-29.6643,17.8865,72.19,31,2,2.24,clear sky
651,Greymouth,NZ,-42.4667,171.2,51.75,90,45,2.15,scattered clouds
652,Yeppoon,AU,-23.1333,150.7333,66.2,82,28,5.75,scattered clouds
653,Clyde River,CA,70.4692,-68.5914,6.8,85,90,11.5,overcast clouds
654,Umba,RU,66.6871,34.3429,32.61,82,100,10.8,overcast clouds
655,Vila Franca Do Campo,PT,37.7167,-25.4333,62.6,88,20,14.97,few clouds
656,Kudahuvadhoo,MV,2.6708,72.8944,83.28,62,100,7.61,overcast clouds
657,Atar,MR,20.5169,-13.0499,96.8,15,74,9.22,broken clouds
658,Bathurst,AU,-33.4166,149.5806,39.65,75,0,1.95,clear sky
659,Nong Khai,TH,17.9167,103.0833,77.0,99,98,2.98,overcast clouds
660,Arrifes,PT,37.7667,-25.7,62.6,88,20,14.97,few clouds
661,Kastamonu,TR,41.5,33.6667,56.52,69,100,7.81,overcast clouds
662,Shingu,JP,33.7333,135.9833,43.83,81,0,6.06,clear sky
663,Broken Hill,AU,-31.95,141.4333,50.0,66,61,1.77,broken clouds
664,Khani,GE,41.9563,42.9566,62.6,72,90,3.44,overcast clouds
665,Gold Coast,AU,-28.0,153.4333,63.0,72,0,10.36,clear sky
666,Zapolyarnyy,RU,69.4154,30.8136,39.2,65,0,3.44,clear sky
667,Srednekolymsk,RU,67.45,153.6833,10.15,85,12,10.49,few clouds
668,Were Ilu,ET,10.6,39.4333,56.37,57,96,5.26,overcast clouds
669,Villazon,BO,-22.0866,-65.5942,60.82,24,6,0.65,clear sky
670,Freeport,US,40.6576,-73.5832,62.01,41,40,14.97,scattered clouds
671,Haian,CN,32.5436,120.45,51.01,42,0,6.91,clear sky
672,Severnyy,RU,50.677,36.5532,42.8,93,75,4.47,heavy intensity rain
673,Marrakesh,MA,31.6315,-8.0083,82.4,24,20,2.3,few clouds
674,Le Vauclin,MQ,14.5452,-60.8388,86.0,58,40,20.71,scattered clouds
675,Aswan,EG,24.0934,32.907,89.96,26,0,15.97,clear sky
676,Tilichiki,RU,60.4667,166.1,24.53,86,100,2.17,overcast clouds
677,Svelgen,NO,61.7685,5.2955,51.8,53,0,4.61,clear sky
678,Jieznas,LT,54.6,24.1667,59.0,38,0,5.75,clear sky
679,Cockburn Town,TC,21.4612,-71.1419,82.4,69,1,11.5,clear sky
680,Corrente,BR,-3.7367,-43.3394,75.6,94,100,2.8,overcast clouds
681,Redlands,US,34.0556,-117.1825,79.0,10,1,10.36,clear sky
682,Zakharovo,RU,54.366,39.2792,46.0,63,100,10.18,light rain
683,Newcastleton,GB,55.1796,-2.8127,52.0,59,99,2.86,overcast clouds
684,Collie,AU,-33.3667,116.15,50.0,88,100,3.31,overcast clouds
685,Guarapari,BR,-20.6667,-40.4975,84.2,70,20,13.8,few clouds
686,Lawton,US,34.6087,-98.3903,64.99,31,20,16.11,few clouds
687,Ardakan,IR,32.31,54.0175,69.8,24,0,2.3,clear sky
688,Vestmannaeyjar,IS,63.4427,-20.2734,33.8,93,90,26.46,snow
